{
  "335Ic.csv": {
    "Ic_base": 5.728225801129903e-06,
    "phase_offset": 0.05900005548176454,
    "asymmetry": 0.04399256532033924,
    "noise_level": 2.638875304125487e-07,
    "field_to_flux_factor": 1.2489627990806198e-10,
    "target_mean": 5.552980132450331e-06,
    "target_std": 1.5959305843516055e-06
  },
  "kay164Ic+.csv": {
    "Ic_base": 2.3099527356127717e-06,
    "phase_offset": 0.09595536681573598,
    "asymmetry": -0.044400233036808914,
    "noise_level": 4.6751146764252854e-08,
    "field_to_flux_factor": 4.2411794080069055e-11,
    "target_mean": 1.705748502994012e-06,
    "target_std": 4.3399882334566717e-07
  },
  "337Ic.csv": {
    "Ic_base": 5.7100125580720634e-06,
    "phase_offset": -0.0800535942336353,
    "asymmetry": -0.04434492628650832,
    "noise_level": 3.113832529634716e-07,
    "field_to_flux_factor": 1.237502428234521e-10,
    "target_mean": 3.894039735099338e-06,
    "target_std": 8.835683063937422e-07
  },
  "317Ic.csv": {
    "Ic_base": 1.6411739163166912e-05,
    "phase_offset": 0.06928197110806907,
    "asymmetry": -0.03306174004840893,
    "noise_level": 4.244481684295945e-07,
    "field_to_flux_factor": 1.149231741105861e-10,
    "target_mean": 1.3231788079470198e-05,
    "target_std": 2.032496617004822e-06
  },
  "352Ic.csv": {
    "Ic_base": 3.0648031107839336e-05,
    "phase_offset": -0.10860923397516613,
    "asymmetry": 0.02313047150705937,
    "noise_level": 1.3089847619636558e-06,
    "field_to_flux_factor": 2.7284761088566373e-10,
    "target_mean": 2.4236754966887417e-05,
    "target_std": 3.42973316778586e-06
  },
  "kay164Ic-.csv": {
    "Ic_base": 1.3172798153147253e-06,
    "phase_offset": 0.028500902347478995,
    "asymmetry": -0.004914694436177359,
    "noise_level": 8.018673677079547e-08,
    "field_to_flux_factor": 7.666719247749345e-11,
    "target_mean": 1.308502994011976e-06,
    "target_std": 3.0364971298295136e-07
  },
  "336Ic.csv": {
    "Ic_base": 1.2166806247676247e-05,
    "phase_offset": 0.1685880474481999,
    "asymmetry": 0.03339758114408542,
    "noise_level": 3.8544072459253896e-07,
    "field_to_flux_factor": 2.2526487759503462e-10,
    "target_mean": 1.353046357615894e-05,
    "target_std": 1.8974710732548377e-06
  },
  "439Ic.csv": {
    "Ic_base": 4.761790956929921e-06,
    "phase_offset": -0.12355622716224729,
    "asymmetry": -0.010867818576935818,
    "noise_level": 4.175310115282946e-07,
    "field_to_flux_factor": 1.4943258302837172e-10,
    "target_mean": 5.547682119205298e-06,
    "target_std": 1.59381397026111e-06
  },
  "346Ic.csv": {
    "Ic_base": 3.1296518027380215e-05,
    "phase_offset": 0.11019487697791017,
    "asymmetry": -0.022094989682721857,
    "noise_level": 3.788345568172359e-07,
    "field_to_flux_factor": 2.558606735202086e-10,
    "target_mean": 2.3730132450331127e-05,
    "target_std": 3.395254184274632e-06
  },
  "435Ic.csv": {
    "Ic_base": 2.05930449568048e-05,
    "phase_offset": 0.2479271010512051,
    "asymmetry": 0.00037445067783961063,
    "noise_level": 3.757817882151758e-07,
    "field_to_flux_factor": 1.141383302873663e-10,
    "target_mean": 1.4019867549668874e-05,
    "target_std": 2.249636316966778e-06
  },
  "338Ic.csv": {
    "Ic_base": 4.3307604597280984e-06,
    "phase_offset": 0.1847139416943641,
    "asymmetry": 0.043973608413891245,
    "noise_level": 2.8627955055220693e-07,
    "field_to_flux_factor": 2.4523457630576555e-10,
    "target_mean": 5.282119205298014e-06,
    "target_std": 1.6072718069097043e-06
  },
  "341Ic.csv": {
    "Ic_base": 4.647526132771577e-06,
    "phase_offset": -0.28236056321893055,
    "asymmetry": 0.002128096014767589,
    "noise_level": 2.388240348668733e-07,
    "field_to_flux_factor": 1.0866391309917882e-10,
    "target_mean": 4.352317880794702e-06,
    "target_std": 1.1261982250022232e-06
  }
}