{
  "335Ic.csv": {
    "fitted_params": {
      "Ic0": 8.09999906675166e-06,
      "T": 0.20027296041492054,
      "asymmetry": -0.49996287351925883,
      "nonlinearity": 9.509338768491938e-13,
      "background_slope": 3.135525132762707e-10
    },
    "fit_r_squared": -2.278043927237852,
    "correlation": -0.04961460601937183,
    "p_value": 0.5451916584432905,
    "noise_level": 2.697068909990734e-06
  },
  "kay164Ic+.csv": {
    "fitted_params": {
      "Ic0": 2.4483999459010523e-06,
      "T": 8.399999822392402,
      "asymmetry": -0.21862270160467906,
      "nonlinearity": 4.7921168637754776e-12,
      "background_slope": 9.999997272699701e-10
    },
    "fit_r_squared": -2.8584242303976346,
    "correlation": -0.0009542876445818357,
    "p_value": 0.9830011597071008,
    "noise_level": 7.89654692700817e-07
  },
  "337Ic.csv": {
    "fitted_params": {
      "Ic0": 5.505345549742006e-06,
      "T": 8.305766879652568,
      "asymmetry": 0.4999999999987808,
      "nonlinearity": 7.616182569407637e-11,
      "background_slope": 9.999999749774728e-10
    },
    "fit_r_squared": -3.452763122002102,
    "correlation": 0.0561771233112468,
    "p_value": 0.49326760688972465,
    "noise_level": 1.7258229248438208e-06
  },
  "317Ic.csv": {
    "fitted_params": {
      "Ic0": 1.739627084284849e-05,
      "T": 8.399999996474664,
      "asymmetry": 0.029414200581014134,
      "nonlinearity": 1.153781961086292e-11,
      "background_slope": -9.996599362353906e-10
    },
    "fit_r_squared": -7.727360585984938,
    "correlation": 0.034829094333882905,
    "p_value": 0.6711578765819589,
    "noise_level": 5.4836972647102676e-06
  },
  "352Ic.csv": {
    "fitted_params": {
      "Ic0": 3.2e-05,
      "T": 4.2,
      "asymmetry": 0.0,
      "nonlinearity": 7.064396964474992e-13,
      "background_slope": 2.522887868825375e-32
    },
    "fit_r_squared": -9.19289951866781,
    "correlation": -0.026524206264133782,
    "p_value": 0.7464806810508715,
    "noise_level": 9.990645570368526e-06
  },
  "kay164Ic-.csv": {
    "fitted_params": {
      "Ic0": 1.7989989055237355e-06,
      "T": 8.399981150328479,
      "asymmetry": -0.034726147612470414,
      "nonlinearity": 5.530695442783119e-12,
      "background_slope": 9.999999995814322e-10
    },
    "fit_r_squared": -3.4710247516730277,
    "correlation": -0.025518660951093695,
    "p_value": 0.5687787685726152,
    "noise_level": 5.929429398471189e-07
  },
  "336Ic.csv": {
    "fitted_params": {
      "Ic0": 1.6221117359488263e-05,
      "T": 8.400000713985245,
      "asymmetry": 0.36972352459084823,
      "nonlinearity": 2.6589169534089264e-11,
      "background_slope": 9.9999999999654e-10
    },
    "fit_r_squared": -9.330582486607467,
    "correlation": 0.060219317180597254,
    "p_value": 0.4626409385258226,
    "noise_level": 5.564289642953516e-06
  },
  "439Ic.csv": {
    "fitted_params": {
      "Ic0": 8.053149825727441e-06,
      "T": 8.400030813978448,
      "asymmetry": 0.49999999998360006,
      "nonlinearity": 1.5750261395841805e-11,
      "background_slope": 9.999999999999999e-10
    },
    "fit_r_squared": -2.278765203489577,
    "correlation": -0.10996088416224542,
    "p_value": 0.17892474793637952,
    "noise_level": 2.6861071332235404e-06
  },
  "346Ic.csv": {
    "fitted_params": {
      "Ic0": 3.275e-05,
      "T": 4.2,
      "asymmetry": 0.0,
      "nonlinearity": 4.654889566336754e-13,
      "background_slope": -1.683623535435643e-32
    },
    "fit_r_squared": -9.101917510501075,
    "correlation": 0.08249122131936817,
    "p_value": 0.3139525332600817,
    "noise_level": 9.838170625825038e-06
  },
  "435Ic.csv": {
    "fitted_params": {
      "Ic0": 1.8592033255995736e-05,
      "T": 8.398588241385903,
      "asymmetry": 0.3315841125237024,
      "nonlinearity": 1.1185785907058889e-11,
      "background_slope": -9.999999999999999e-10
    },
    "fit_r_squared": -7.633415862987679,
    "correlation": -0.05877380926600793,
    "p_value": 0.47347092259301704,
    "noise_level": 6.0185926572845855e-06
  },
  "338Ic.csv": {
    "fitted_params": {
      "Ic0": 7.590035732019693e-06,
      "T": 8.400080796933562,
      "asymmetry": -0.4999999999997544,
      "nonlinearity": 3.172567545831753e-11,
      "background_slope": -9.999999999999992e-10
    },
    "fit_r_squared": -1.9277880514458494,
    "correlation": 0.006281736794889995,
    "p_value": 0.938981075756867,
    "noise_level": 2.5769023926352574e-06
  },
  "341Ic.csv": {
    "fitted_params": {
      "Ic0": 6.137458458318545e-06,
      "T": 8.399838491277798,
      "asymmetry": -0.49999996539901237,
      "nonlinearity": 3.222407817736679e-11,
      "background_slope": -9.999999999999999e-10
    },
    "fit_r_squared": -2.729791060702314,
    "correlation": 0.08910534945974177,
    "p_value": 0.27658986517174305,
    "noise_level": 2.0221595241082487e-06
  }
}