{
  "correlation": 0.1369675051480839,
  "p_value": 0.09354017970783518,
  "exp_stats": {
    "mean": 1.3231788079470198e-05,
    "std": 2.032496617004822e-06,
    "cv": 0.1536071016855496
  },
  "sim_stats": {
    "mean": 1.3231788079470191e-05,
    "std": 2.039260351563025e-06,
    "cv": 0.1541182748178263
  }
}