{
  "335Ic.csv": {
    "exp_mean": 5.552980132450331e-06,
    "sim_mean": 5.552980132450331e-06,
    "exp_std": 1.5959305843516055e-06,
    "sim_std": 1.6012415161167856e-06,
    "mean_ratio": 1.0,
    "std_ratio": 1.003327796219494,
    "exp_cv": 0.2874007373131693,
    "sim_cv": 0.2883571484002798,
    "correlation": -0.05224880437400486,
    "p_value": 0.5240309356040551
  },
  "kay164Ic+.csv": {
    "exp_mean": 1.705748502994012e-06,
    "sim_mean": 1.705748502994012e-06,
    "exp_std": 4.3399882334566717e-07,
    "sim_std": 4.344326053863292e-07,
    "mean_ratio": 1.0,
    "std_ratio": 1.0009995004993748,
    "exp_cv": 0.25443306711621994,
    "sim_cv": 0.2546873730938601,
    "correlation": -0.012924339517676454,
    "p_value": 0.7729063825286705
  },
  "337Ic.csv": {
    "exp_mean": 3.894039735099338e-06,
    "sim_mean": 3.894039735099338e-06,
    "exp_std": 8.835683063937422e-07,
    "sim_std": 8.865086416634242e-07,
    "mean_ratio": 1.0,
    "std_ratio": 1.0033277962194942,
    "exp_cv": 0.2269027453494134,
    "sim_cv": 0.22765783144758003,
    "correlation": 0.10296868977164608,
    "p_value": 0.20834364449572507
  },
  "317Ic.csv": {
    "exp_mean": 1.3231788079470198e-05,
    "sim_mean": 1.3231788079470191e-05,
    "exp_std": 2.032496617004822e-06,
    "sim_std": 2.039260351563025e-06,
    "mean_ratio": 0.9999999999999994,
    "std_ratio": 1.003327796219494,
    "exp_cv": 0.1536071016855496,
    "sim_cv": 0.1541182748178263,
    "correlation": 0.13696750514808384,
    "p_value": 0.09354017970783518
  },
  "352Ic.csv": {
    "exp_mean": 2.4236754966887417e-05,
    "sim_mean": 2.423675496688741e-05,
    "exp_std": 3.42973316778586e-06,
    "sim_std": 3.4411466208554894e-06,
    "mean_ratio": 0.9999999999999997,
    "std_ratio": 1.0033277962194935,
    "exp_cv": 0.14150958626563695,
    "sim_cv": 0.14198050133183387,
    "correlation": -0.09914454881446431,
    "p_value": 0.22582979624789884
  },
  "kay164Ic-.csv": {
    "exp_mean": 1.308502994011976e-06,
    "sim_mean": 1.3085029940119763e-06,
    "exp_std": 3.0364971298295136e-07,
    "sim_std": 3.039532110227137e-07,
    "mean_ratio": 1.0000000000000002,
    "std_ratio": 1.0009995004993777,
    "exp_cv": 0.23205885991283579,
    "sim_cv": 0.23229080285920362,
    "correlation": 0.03025973663313311,
    "p_value": 0.49918826885651635
  },
  "336Ic.csv": {
    "exp_mean": 1.353046357615894e-05,
    "sim_mean": 1.3530463576158937e-05,
    "exp_std": 1.8974710732548377e-06,
    "sim_std": 1.9037854703190152e-06,
    "mean_ratio": 0.9999999999999998,
    "std_ratio": 1.0033277962194944,
    "exp_cv": 0.14023695955238633,
    "sim_cv": 0.14070363957621818,
    "correlation": -4.3756160751683496e-05,
    "p_value": 0.9995745547218564
  },
  "439Ic.csv": {
    "exp_mean": 5.547682119205298e-06,
    "sim_mean": 5.547682119205298e-06,
    "exp_std": 1.59381397026111e-06,
    "sim_std": 1.5991178583659217e-06,
    "mean_ratio": 1.0,
    "std_ratio": 1.003327796219494,
    "exp_cv": 0.28729367256706173,
    "sim_cv": 0.28824972736451493,
    "correlation": 0.012253372660820327,
    "p_value": 0.881296134443101
  },
  "346Ic.csv": {
    "exp_mean": 2.3730132450331127e-05,
    "sim_mean": 2.373013245033113e-05,
    "exp_std": 3.395254184274632e-06,
    "sim_std": 3.406552898313283e-06,
    "mean_ratio": 1.0000000000000002,
    "std_ratio": 1.0033277962194942,
    "exp_cv": 0.14307775952709675,
    "sim_cv": 0.1435538931543447,
    "correlation": 0.05924731246173949,
    "p_value": 0.46990823610477916
  },
  "435Ic.csv": {
    "exp_mean": 1.4019867549668874e-05,
    "sim_mean": 1.401986754966887e-05,
    "exp_std": 2.249636316966778e-06,
    "sim_std": 2.257122648197617e-06,
    "mean_ratio": 0.9999999999999998,
    "std_ratio": 1.0033277962194942,
    "exp_cv": 0.16046059700613297,
    "sim_cv": 0.1609945771742278,
    "correlation": -0.07770957142494424,
    "p_value": 0.3429201886381286
  },
  "338Ic.csv": {
    "exp_mean": 5.282119205298014e-06,
    "sim_mean": 5.282119205298014e-06,
    "exp_std": 1.6072718069097043e-06,
    "sim_std": 1.612620479952438e-06,
    "mean_ratio": 1.0,
    "std_ratio": 1.0033277962194942,
    "exp_cv": 0.30428540978355734,
    "sim_cv": 0.3052980096198823,
    "correlation": -0.09145069642132751,
    "p_value": 0.26409327971812735
  },
  "341Ic.csv": {
    "exp_mean": 4.352317880794702e-06,
    "sim_mean": 4.352317880794702e-06,
    "exp_std": 1.1261982250022232e-06,
    "sim_std": 1.1299459831977867e-06,
    "mean_ratio": 1.0,
    "std_ratio": 1.0033277962194942,
    "exp_cv": 0.2587582653306995,
    "sim_cv": 0.2596193601078299,
    "correlation": -0.09367497303524919,
    "p_value": 0.2526031186821452
  }
}