{
  "335Ic.csv": {
    "correlation": 0.09449567678863618,
    "p_value": 0.2484519505566294,
    "exp_mean": 5.552980132450331e-06,
    "sim_mean": 5.552980132450331e-06
  },
  "kay164Ic+.csv": {
    "correlation": NaN,
    "p_value": NaN,
    "exp_mean": 1.705748502994012e-06,
    "sim_mean": 1.7057485029940124e-06
  },
  "337Ic.csv": {
    "correlation": 0.05994103723295651,
    "p_value": 0.46471516530309276,
    "exp_mean": 3.894039735099338e-06,
    "sim_mean": 3.894039735099339e-06
  },
  "317Ic.csv": {
    "correlation": NaN,
    "p_value": NaN,
    "exp_mean": 1.3231788079470198e-05,
    "sim_mean": 1.3231788079470198e-05
  },
  "352Ic.csv": {
    "correlation": -0.08300714282196588,
    "p_value": 0.3109251870401986,
    "exp_mean": 2.4236754966887417e-05,
    "sim_mean": 2.4236754966887417e-05
  },
  "kay164Ic-.csv": {
    "correlation": 0.02942416772880703,
    "p_value": 0.5111171426753582,
    "exp_mean": 1.308502994011976e-06,
    "sim_mean": 1.3085029940119755e-06
  },
  "336Ic.csv": {
    "correlation": NaN,
    "p_value": NaN,
    "exp_mean": 1.353046357615894e-05,
    "sim_mean": 1.3530463576158935e-05
  },
  "439Ic.csv": {
    "correlation": 0.034189385073803515,
    "p_value": 0.6768562342035691,
    "exp_mean": 5.547682119205298e-06,
    "sim_mean": 5.547682119205298e-06
  },
  "346Ic.csv": {
    "correlation": NaN,
    "p_value": NaN,
    "exp_mean": 2.3730132450331127e-05,
    "sim_mean": 2.3730132450331127e-05
  },
  "435Ic.csv": {
    "correlation": NaN,
    "p_value": NaN,
    "exp_mean": 1.4019867549668874e-05,
    "sim_mean": 1.4019867549668877e-05
  },
  "338Ic.csv": {
    "correlation": 0.11644429842745478,
    "p_value": 0.15449004664697993,
    "exp_mean": 5.282119205298014e-06,
    "sim_mean": 5.282119205298012e-06
  },
  "341Ic.csv": {
    "correlation": 0.010747951008224774,
    "p_value": 0.8957916776047276,
    "exp_mean": 4.352317880794702e-06,
    "sim_mean": 4.352317880794703e-06
  }
}